Threads,Time Taken
1,0.2989610000
2,0.2912640000
3,0.2913120000
4,0.2953540000
5,0.2924460000
6,0.2925030000
7,0.2927390000
8,0.2918280000
9,0.2920650000
10,0.2912640000
11,0.2934740000
12,0.2928350000
13,0.2913470000
14,0.2918290000
15,0.2915650000
16,0.2919960000
17,0.2926070000
18,0.2929850000
19,0.2915070000
20,0.2920910000
