Threads,Time Taken
1,0.2966460000
2,0.2923650000
4,0.2910220000
8,0.2913830000
16,0.2916890000
32,0.2912730000
