Threads,Time Taken
1,0.0000310000
2,0.0000480000
3,0.0000510000
4,0.0001080000
5,0.0001430000
6,0.0001760000
7,0.0001400000
8,0.0002250000
9,0.0001630000
10,0.0002940000
11,0.0004240000
12,0.0005210000
13,0.0002650000
14,0.0003130000
15,0.0003770000
16,0.0004920000
17,0.0005220000
18,0.0009030000
19,0.0005500000
20,0.0005320000
