Power, Time Taken
2.000000, 0.0000020000
4.000000, 0.0000000000
8.000000, 0.0000020000
16.000000, 0.0000100000
32.000000, 0.0000710000
64.000000, 0.0005910000
128.000000, 0.0045940001
256.000000, 0.0388079993
512.000000, 0.3146190047
