Power, Time Taken
2.000000, 0.0000050000
4.000000, 0.0000000000
8.000000, 0.0000020000
16.000000, 0.0000090000
32.000000, 0.0000730000
64.000000, 0.0005940000
128.000000, 0.0046049999
256.000000, 0.0388710015
512.000000, 0.3128420115
